{"train/box_loss": 0.0, "train/cls_loss": 11.47341, "train/dfl_loss": 0.0, "_timestamp": 1712154418.3794854, "lr/pg0": 0.0011445598849673202, "lr/pg1": 0.0011445598849673202, "lr/pg2": 0.0011445598849673202, "metrics/precision(B)": 0.0, "metrics/recall(B)": 0.0, "metrics/mAP50(B)": 0.0, "metrics/mAP50-95(B)": 0.0, "val/box_loss": 0.0, "val/cls_loss": 17.1003, "val/dfl_loss": 0.0, "train_batch0": {"_type": "image-file", "sha256": "ea832018dfe4474e7d5e33e072b414af072af7083e04c25ff6d11371e77dd610", "size": 190917, "path": "media/images/train_batch0_1_ea832018dfe4474e7d5e.jpg", "format": "jpg", "width": 1280, "height": 1280}, "train_batch1": {"_type": "image-file", "sha256": "8dc0186193c9c9a08610b4d3b249b4201d5d38a7b32a0f7813c948fd627251f9", "size": 143723, "path": "media/images/train_batch1_1_8dc0186193c9c9a08610.jpg", "format": "jpg", "width": 1280, "height": 1280}, "train_batch2": {"_type": "image-file", "sha256": "4b580bc75f3e30ea4c7f3515e5f13eec9bee02dcb674990cfb4a179c8c58488c", "size": 235838, "path": "media/images/train_batch2_1_4b580bc75f3e30ea4c7f.jpg", "format": "jpg", "width": 1280, "height": 1280}, "model/parameters": 3011433, "model/GFLOPs": 8.196, "model/speed_PyTorch(ms)": 49.132, "_runtime": 944.9618384838104, "_step": 3, "_wandb": {"runtime": 1162}}