{"_wandb": {"runtime": 293}, "train/box_loss": 0.0, "train/cls_loss": 20.29394, "train/dfl_loss": 0.0, "_timestamp": 1712155731.0212972, "lr/pg0": 0.00047272474747474746, "lr/pg1": 0.00047272474747474746, "lr/pg2": 0.00047272474747474746, "metrics/precision(B)": 0.0, "metrics/recall(B)": 0.0, "metrics/mAP50(B)": 0.0, "metrics/mAP50-95(B)": 0.0, "val/box_loss": 0.0, "val/cls_loss": 131.88527, "val/dfl_loss": 0.0, "train_batch0": {"_type": "image-file", "sha256": "9714f7080f5620a391cac808172fe2489fbfa7a400d1bc4a8cf0f8d8e1912418", "size": 174083, "path": "media/images/train_batch0_1_9714f7080f5620a391ca.jpg", "format": "jpg", "width": 1280, "height": 1280}, "train_batch1": {"_type": "image-file", "sha256": "c61be6d8ca0b88109107832edeeaf5e75f52ab072b2eeaf29e56fb97754db190", "size": 130499, "path": "media/images/train_batch1_1_c61be6d8ca0b88109107.jpg", "format": "jpg", "width": 1280, "height": 1280}, "train_batch2": {"_type": "image-file", "sha256": "1535bd7a3888f8fb4fc46b6a8a64fd3f82946db3f73f27717edde35182f9a809", "size": 210567, "path": "media/images/train_batch2_1_1535bd7a3888f8fb4fc4.jpg", "format": "jpg", "width": 1280, "height": 1280}, "model/parameters": 3011433, "model/GFLOPs": 8.196, "model/speed_PyTorch(ms)": 51.516, "_runtime": 178.9132161140442, "_step": 1}